{"2As": 0.6375586857350126, "3As": 0.6612990681578647, "4As": 0.6796172583635482, "5As": 0.6836397125739829, "6As": 0.6928835764896468, "7As": 0.7027075970393866, "8As": 0.7119514609549232, "9As": 0.7211953248709225, "TAs": 0.7317155333812402, "JAs": 0.7409277523896108, "QAs": 0.7501399713980132, "KAs": 0.7593521904062792, "AA": 0.9280731262835127, "2Ad": 0.6040985696206331, "3Ad": 0.6284185738622602, "4Ad": 0.6470237422514458, "5Ad": 0.6510889966176189, "6Ad": 0.660458540208373, "7Ad": 0.6702701079008245, "8Ad": 0.679639651491502, "9Ad": 0.6890091950818942, "TAd": 0.6996726637712671, "JAd": 0.709010060154242, "QAd": 0.7183474565376383, "KAd": 0.727684852920911, "23s": 0.2824905044917577, "24s": 0.3049090271381926, "25s": 0.31024176739997, "26s": 0.32224579138212417, "27s": 0.3399588433714345, "28s": 0.3688798783051343, "29s": 0.4062425934047178, "2Ts": 0.45204602592831045, "2Js": 0.5062890526771816, "2Qs": 0.5689703899953703, "2Ks": 0.6400885937701086, "22": 0.6776644632802652, "23d": 0.26502922780153193, "24d": 0.28367458019995967, "25d": 0.2890498332684791, "26d": 0.301167963093654, "27d": 0.3187055763028898, "28d": 0.34705804587541406, "29d": 0.3835116117179581, "2Td": 0.4280662738303976, "2Jd": 0.4807220322128419, "2Qd": 0.5414788868653883, "2Kd": 0.6103368377879459, "34s": 0.32997173180805145, "35s": 0.3348390700832531, "36s": 0.34630377198916557, "37s": 0.36340374401366077, "38s": 0.38912588065899184, "39s": 0.42598095870381947, "3Ts": 0.47127675417273335, "3Js": 0.5250121438669649, "3Qs": 0.5871858441304152, "3Ks": 0.6577964108506139, "33": 0.7474307681515056, "34d": 0.3042589784792649, "35d": 0.30967441555711095, "36d": 0.3217603981748521, "37d": 0.3391962118938673, "38d": 0.3649072525901092, "39d": 0.40136081843254473, "3Td": 0.4459154805450423, "3Jd": 0.49857123892754385, "3Qd": 0.5593280935800231, "3Kd": 0.6281860445025371, "45s": 0.3412145910451746, "46s": 0.35267885169452107, "47s": 0.369692649599427, "48s": 0.3952552466585432, "49s": 0.4295238558313113, "4Ts": 0.4748095390222575, "4Js": 0.5285365151895385, "4Qs": 0.5907040378593508, "4Ks": 0.6613112280063826, "44": 0.8153626729991896, "45d": 0.3158846588517483, "46d": 0.3279786782713403, "47d": 0.34534216077370616, "48d": 0.37091121797048704, "49d": 0.4048358701624667, "4Td": 0.44939053227500575, "4Jd": 0.5020462906574156, "4Qd": 0.5628031453100644, "4Kd": 0.6316610962325792, "56s": 0.36404273603702486, "57s": 0.38106170344751755, "58s": 0.40654260697367217, "59s": 0.4406560821510466, "5Ts": 0.4835593907740748, "5Js": 0.5372882296374656, "5Qs": 0.5994563801825397, "5Ks": 0.6700624192251352, "55": 0.8196431071540444, "56d": 0.3389011663870151, "57d": 0.3562619699556629, "58d": 0.3817479801996574, "59d": 0.41551993315649455, "5Td": 0.45772784912739606, "5Jd": 0.5103836075096752, "5Qd": 0.5711404621622924, "5Kd": 0.6399984130847617, "67s": 0.39232006290731986, "68s": 0.4177587313655929, "69s": 0.45174550133870267, "6Ts": 0.4944483922152518, "6Js": 0.546024456498699, "6Qs": 0.608192607043475, "6Ks": 0.6787986460864017, "66": 0.8239235413087052, "67d": 0.3670826585810724, "68d": 0.39252580588209685, "69d": 0.4261745278769784, "6Td": 0.4681895606033644, "6Jd": 0.5187209243620755, "6Qd": 0.5794777790145194, "6Kd": 0.6483357299369795, "78s": 0.4288679076910425, "79s": 0.46276932850270713, "7Ts": 0.5053021070735461, "7Js": 0.5566340535005037, "7Qs": 0.61692192727814, "7Ks": 0.6875256641118402, "77": 0.8282039754634398, "78d": 0.40320451100817206, "79d": 0.4367701860507323, "7Td": 0.47862180380575436, "7Jd": 0.5289201003108314, "7Qd": 0.5878150958667425, "7Kd": 0.6566730467892129, "89s": 0.47368993299308915, "8Ts": 0.5160960063596515, "8Js": 0.567216777446071, "8Qs": 0.6272198889162965, "8Ks": 0.6962618909728591, "88": 0.8324844096181029, "89d": 0.44726672366796016, "8Td": 0.4889951104614715, "8Jd": 0.5390898079862074, "8Qd": 0.5977115522789117, "8Kd": 0.6650103636414364, "9Ts": 0.5268266158310383, "9Js": 0.5777362115770622, "9Qs": 0.6374859126386583, "9Ks": 0.706200959178125, "99": 0.836764843772743, "9Td": 0.49930948056995555, "9Jd": 0.5492005791144314, "9Qd": 0.6075785404179005, "9Kd": 0.6745639165083013, "TJs": 0.5877792140479414, "TQs": 0.6472755047011868, "TKs": 0.7156949057640544, "TT": 0.841045277927909, "TJd": 0.5588582755380431, "TQd": 0.6169924538520675, "TKd": 0.6836938629434433, "JQs": 0.655916796840244, "JKs": 0.7243678428107033, "JJ": 0.8453257120825656, "JQd": 0.6252413658839189, "JKd": 0.6919722432487393, "QKs": 0.7330407798571101, "QQ": 0.8496061462373071, "QKd": 0.7002506235540237, "KK": 0.8538865803919833}